Gene_Id,baseMean,log2FoldChange, lfcSE,stat ,pvalue,Padj
NM_001105529 ,356.893,25.9450,2.29786,11.29094,1.45467E-29,5.00013E-25
NM_015148  ,274.346,25.5801,2.51701,10.16289,2.90336E-24,4.98986E-20
NM_001366838,1050.874,27.3344,2.78580,9.81204,9.99268E-23,8.58696E-19
NM_153485    ,176.357,24.9620,2.54317,9.81531,9.67432E-23,8.58696E-19
NM_001204817,203.580,25.1571,2.57084,9.78556,1.29874E-22,8.92832E-19
NM_001353623,144.471,24.4935,2.54051,9.64114,5.35892E-22,2.81468E-18
